key,reference,date,impact,probability,description,url
risk-01,R-000,2010/02/03 00:00,10.00,23,This is a risk,http://www.url.com
risk-02,R-001,2022/07/29 23:59,10.00,23,This is a risk,http://www.url.com
risk-03,R-002,2000/09/15 10:30,10.00,23,This is a risk,http://www.url.com
risk-04,R-003,2010/02/03 00:00,0.01,23,This is a risk,http://www.url.com
risk-05,R-004,2010/02/03 00:00,99999.99,23,This is a risk,http://www.url.com
risk-06,R-005,2010/02/03 00:00,10.00,0,This is a risk,http://www.url.com
risk-07,R-006,2010/02/03 00:00,10.00,1,This is a risk,http://www.url.com
risk-08,R-007,2010/02/03 00:00,10.00,50,This is a risk,http://www.url.com
risk-09,R-008,2010/02/03 00:00,10.00,99,This is a risk,http://www.url.com
risk-10,R-009,2010/02/03 00:00,10.00,100,This is a risk,http://www.url.com
risk-11,R-010,2010/02/03 00:00,10.00,23,T,http://www.url.com
risk-12,R-011,2010/02/03 00:00,10.00,23,This is arThis is arThis is arThis is arThis is arThis is arThis is arThis is arThis is arThis is ar,http://www.url.com
risk-13,R-012,2010/02/03 00:00,10.00,23,"$%&""""@·ñ#¿?",http://www.url.com
risk-14,R-013,2010/02/03 00:00,10.00,23,這是一個項目,http://www.url.com
risk-15,R-014,2010/02/03 00:00,10.00,23,<h1>Trying to hack...</h1>,http://www.url.com
risk-16,R-015,2010/02/03 00:00,10.00,23,This is a risk,null
risk-17,R-016,2010/02/03 00:00,10.00,23,This is a risk,ftp://user:pass@acmeUser
risk-18,R-017,2010/02/03 00:00,10.00,23,This is a risk,http://www.exampleproject.com/?user=danfercab
risk-19,R-018,2010/02/03 00:00,10.00,23,This is a risk,https://www.contadordecaracteres.com/11111111111111111111111111111111111111111111111111111111111111111111111111111111111111111111111111111111111111111111111111111111111111111111111111111111111111111111111111111111111111111111111111111111111111111111111111
