key,title,description,estimated-cost,acceptance-criteria,priority,url,key:manager,key:project
user-story-01,userStory1,This is an example,120,"Critery1, Critery2",MUST,http://www.exampleUserStory.com,manager-01,project-01
user-story-02,u,This is an example,120,"Critery1, Critery2",MUST,http://www.exampleUserStory.com,manager-01,project-01
user-story-03,user Storyuser Storyuser Storyuser Storyuser Storyuser Storyuser Storyuser1,This is an example,120,"Critery1, Critery2",MUST,http://www.exampleUserStory.com,manager-01,project-01
user-story-04,"""$%&""""""""@ñ·#¿?""",This is an example,120,"Critery1, Critery2",MUST,http://www.exampleUserStory.com,manager-01,project-01
user-story-05,這是一個項目,This is an example,120,"Critery1, Critery2",MUST,http://www.exampleUserStory.com,manager-01,project-01
user-story-06,<h1>Trying to hack...</h1>,This is an example,120,"Critery1, Critery2",MUST,http://www.exampleUserStory.com,manager-01,project-01
user-story-07,userStory1,This is an example,0,"Critery1, Critery2",MUST,http://www.exampleUserStory.com,manager-01,project-01
user-story-08,userStory1,This is an example,1,"Critery1, Critery2",MUST,http://www.exampleUserStory.com,manager-01,project-01
user-story-09,userStory1,This is an example,45000,"Critery1, Critery2",MUST,http://www.exampleUserStory.com,manager-01,project-01
user-story-10,userStory1,This is an example,99999,"Critery1, Critery2",MUST,http://www.exampleUserStory.com,manager-01,project-01
user-story-11,userStory1,This is an example,100000,"Critery1, Critery2",MUST,http://www.exampleUserStory.com,manager-01,project-01
user-story-12,userStory1,t,120,"Critery1, Critery2",MUST,http://www.exampleUserStory.com,manager-01,project-01
user-story-13,userStory1,This is an example pThis is an example pThis is an example pThis is an example pThis is an example p,120,"Critery1, Critery2",MUST,http://www.exampleUserStory.com,manager-01,project-01
user-story-14,userStory1,"""$%&""""""""@ñ·#¿?""",120,"Critery1, Critery2",MUST,http://www.exampleUserStory.com,manager-01,project-01
user-story-15,userStory1,這是一個項目,120,"Critery1, Critery2",MUST,http://www.exampleUserStory.com,manager-01,project-01
user-story-16,userStory1,<h1>Trying to hack...</h1>,120,"Critery1, Critery2",MUST,http://www.exampleUserStory.com,manager-01,project-01
user-story-17,userStory1,This is an example,120,C,MUST,http://www.exampleUserStory.com,manager-01,project-01
user-story-18,userStory1,This is an example,120,This is an example pThis is an example pThis is an example pThis is an example pThis is an example p,MUST,http://www.exampleUserStory.com,manager-01,project-01
user-story-19,userStory1,This is an example,120,"""$%&""""""""@ñ·#¿?""",MUST,http://www.exampleUserStory.com,manager-01,project-01
user-story-20,userStory1,This is an example,120,這是一個項目,MUST,http://www.exampleUserStory.com,manager-01,project-01
user-story-21,userStory1,This is an example,120,<h1>Trying to hack...</h1>,MUST,http://www.exampleUserStory.com,manager-01,project-01
user-story-22,userStory1,This is an example,120,"Critery1, Critery2",SHOULD,http://www.exampleUserStory.com,manager-01,project-01
user-story-23,userStory1,This is an example,120,"Critery1, Critery2",COULD,http://www.exampleUserStory.com,manager-01,project-01
user-story-24,userStory1,This is an example,120,"Critery1, Critery2",WONT,http://www.exampleUserStory.com,manager-01,project-01
user-story-25,userStory1,This is an example,120,"Critery1, Critery2",MUST,null,manager-01,project-01
user-story-26,userStory1,This is an example,120,"Critery1, Critery2",MUST,ftp://user:pass@acmeUser,manager-01,project-01
user-story-27,userStory1,This is an example,120,"Critery1, Critery2",MUST,http://www.exampleproject.com/?user=danfercab,manager-01,project-01
